Customer_ID,Customer_Name,Total_Sales,Sales_Rank
SM-20320,Sean Miller,50086.1,1
TC-20980,Tamara Chand,38104.436,2
RB-19360,Raymond Buch,30234.677999999996,3
TA-21385,Tom Ashbrook,29191.240000000005,4
AB-10105,Adrian Barton,28947.14199999999,5
