customer_name,total_spent
Alex Avila,14596.48
Adrian Barton,12120.595
Hunter Lopez,11713.828
Tom Ashbrook,11649.210000000001
Sanjit Engle,10639.654000000002
Bill Shonely,10351.023
Christopher Conant,8953.367999999999
Grant Thornton,8174.8679999999995
Tom Boeckenhauer,7291.958
Joseph Holt,6695.5560000000005
