Category,min_sales,max_sales,mean_sales,total_sales
Technology,0.99,22638.48,454.5405475802061,835900.0669999991
Furniture,1.892,4416.174,353.44593119575745,733046.8613000009
Office Supplies,0.444,9892.74,121.69225531914908,703502.9280000009
