Category,total_revenue,total_orders,avg_sale_amount,total_sales
Furniture,1957951.9122999997,1102,335.3057991833038,369506.9907000008
Technology,1823107.056000002,864,440.50479861111086,380596.1459999998
Office Supplies,1701981.8560000057,3043,110.97770949720673,337705.1700000001
