Category,avg_sale_amount
Technology,422.64417449664444
Furniture,360.5954042089983
Office Supplies,117.48907552370456
